{
    "private": true,
    "scripts": {
        "dev": "npm run development",
        "development": "cross-env NODE_ENV=development node_modules/webpack/bin/webpack.js --progress --hide-modules --config=node_modules/laravel-mix/setup/webpack.config.js",
        "watch": "npm run development -- --watch",
        "watch-poll": "npm run watch -- --watch-poll",
        "hot": "cross-env NODE_ENV=development node_modules/webpack-dev-server/bin/webpack-dev-server.js --inline --hot --config=node_modules/laravel-mix/setup/webpack.config.js",
        "prod": "npm run production",
        "production": "cross-env NODE_ENV=production node_modules/webpack/bin/webpack.js --no-progress --hide-modules --config=node_modules/laravel-mix/setup/webpack.config.js"
    },
    "devDependencies": {
        "@babel/cli": "^7.0.0",
        "@babel/core": "^7.0.0",
        "@babel/plugin-proposal-class-properties": "^7.0.0",
        "@babel/plugin-proposal-json-strings": "^7.0.0",
        "@babel/plugin-syntax-dynamic-import": "^7.0.0",
        "@babel/plugin-syntax-import-meta": "^7.0.0",
        "@babel/preset-env": "^7.0.0",
        "@babel/preset-react": "^7.0.0",
        "@babel/runtime-corejs2": "^7.0.0",
        "add": "^2.0.6",
        "axios": "^0.19",
        "babel-eslint": "^10.0.1",
        "babel-loader": "^8.0.0",
        "beedle": "^0.6.8",
        "bootstrap": "^4.0.0",
        "classnames": "^2.2.5",
        "copyfiles": "^2.1.0",
        "cross-env": "^7.0",
        "date-fns": "^2.0.0-alpha.27",
        "draft-js": "^0.10.0",
        "draftjs-to-html": "^0.6.1",
        "ejs": "^2.6.1",
        "es6-promise": "^4.2.4",
        "eslint": "^6.1.0",
        "eslint-config-airbnb": "^17.1.0",
        "eslint-plugin-import": "^2.14.0",
        "eslint-plugin-jsx-a11y": "^6.1.2",
        "eslint-plugin-react": "^7.11.1",
        "express": "^4.16.3",
        "fbemitter": "^2.1.1",
        "immutability-helper": "^2.6.6",
        "isomorphic-fetch": "^2.2.1",
        "jquery": "^3.2",
        "laravel-mix": "^5.0.1",
        "laravel-mix-purgecss": "^5.0.0-rc.1",
        "lodash": "^4.17.13",
        "multer": "^1.4.1",
        "node-sass": "^4.7.2",
        "popper.js": "^1.12",
        "prop-types": "^15.6.1",
        "react": "^16.2.0",
        "react-bootstrap-slider": "^2.2.2",
        "react-datepicker": "^2.4.0",
        "react-dnd": "^2.5.4",
        "react-dnd-html5-backend": "^2.5.4",
        "react-dom": "^16.2.0",
        "react-draft-wysiwyg": "^1.12.13",
        "react-select": "^2.0.0",
        "react-signature-canvas": "^1.0.1",
        "react-star-rating": "^1.4.2",
        "react-textarea-autosize": "^6.0.0",
        "resolve-url-loader": "^2.3.1",
        "rimraf": "^2.6.2",
        "sass": "^1.20.1",
        "sass-loader": "^8.0.0",
        "style-loader": "^0.20.2",
        "webpack": "^4.40.0",
        "webpack-cli": "^3.1.0",
        "webpack-dev-server": "^3.1.5",
        "xss": "^1.0.3"
    },
    "dependencies": {
        "css-loader": "^3.4.2"
    }
}
